Ticker_x,Date,Open,High,Low,Close,SMA_14,EMA_14,RSI_14,ATR_14,STOCH_K,STOCH_D,High_pct_change,Low_pct_change,Close_pct_change,INDEX_FUTURES_Buy_Amount in Crore,INDEX_FUTURES_Buy_No. of Contracts,INDEX_FUTURES_OI_Amount in Crore,INDEX_FUTURES_OI_No. of Contracts,INDEX_FUTURES_Sell_Amount in crore,INDEX_FUTURES_Sell_No. of Contracts,INDEX_OPTIONS_Buy_Amount in Crore,INDEX_OPTIONS_Buy_No. of Contracts,INDEX_OPTIONS_OI_Amount in Crore,INDEX_OPTIONS_OI_No. of Contracts,INDEX_OPTIONS_Sell_Amount in crore,INDEX_OPTIONS_Sell_No. of Contracts,INTEREST_RATE_FUTURES_Buy_Amount in Crore,INTEREST_RATE_FUTURES_Buy_No. of Contracts,INTEREST_RATE_FUTURES_OI_Amount in Crore,INTEREST_RATE_FUTURES_OI_No. of Contracts,INTEREST_RATE_FUTURES_Sell_Amount in crore,INTEREST_RATE_FUTURES_Sell_No. of Contracts,STOCK_FUTURES_Buy_Amount in Crore,STOCK_FUTURES_Buy_No. of Contracts,STOCK_FUTURES_OI_Amount in Crore,STOCK_FUTURES_OI_No. of Contracts,STOCK_FUTURES_Sell_Amount in crore,STOCK_FUTURES_Sell_No. of Contracts,STOCK_OPTIONS_Buy_Amount in Crore,STOCK_OPTIONS_Buy_No. of Contracts,STOCK_OPTIONS_OI_Amount in Crore,STOCK_OPTIONS_OI_No. of Contracts,STOCK_OPTIONS_Sell_Amount in crore,STOCK_OPTIONS_Sell_No. of Contracts,P/E,P/B,Div Yield%,SPX_Close,SPX_High,SPX_Low,SPX_Open,SPX_Volume,Ticker_y,VIX_Open,VIX_High,VIX_Low,VIX_Close,expiry,put_ratio,call_ratio,days_to_expiry
NIFTY,2025-01-01,23637.65,23822.8,23562.8,23742.9,24009.757142857143,23920.63645017914,40.67870890546588,276.9420799703658,21.20734316927589,14.539684851965712,0.7832842943355105,-0.3166558435377551,0.4452642288890815,3071.63,15881.0,27074.86,140214.0,3973.13,20478.0,1236447.75,6572717.0,351569.07,1875971.0,1251666.07,6669340.0,0.0,0.0,8.22,400.0,0.0,0.0,14669.14,205180.0,389108.86,5460969.0,18160.49,253083.0,42185.99,569469.0,42607.18,602605.0,41991.72,568839.0,21.88,3.54,1.27,,,,,,INDIA VIX,14.45,14.84,14.31,14.51,2025-01-02,-0.0015927979304204,0.0153293580368605,1.0
NIFTY,2025-01-02,23783.0,24226.7,23751.55,24188.65,23984.039285714283,23956.371590155257,52.77673267401523,291.7176456867682,54.67582685737895,29.90827295366098,1.8656182987848493,-0.1322373123659787,1.705630071900103,1041.63,15698.0,21496.17,321229.0,1808.97,27832.0,1088802.53,7492222.0,481872.48,4217262.0,1074262.21,7427144.0,0.0,0.0,0.02,80.0,0.0,0.0,9580.26,148240.0,331621.7,5149118.0,10339.17,159247.0,34351.86,510576.0,47033.9,734638.0,34329.48,509160.0,22.29,3.61,1.25,5868.549805,5935.089844,5829.529785,5903.259766,3621680000.0,INDIA VIX,14.51,14.8,13.63,13.74,2025-01-02,0.0154311903460455,0.0175335323550436,0.0
NIFTY,2025-01-03,24196.4,24196.45,23976.0,24004.75,23929.5,23962.82204480122,48.39191343901891,286.6270995662848,41.20987280436096,39.03101427700527,0.0002066423104233,-0.9108793043593322,-0.7920599758641841,5504.56,86847.0,22492.94,332151.0,3633.43,54997.0,2975934.97,18450952.0,335428.26,3588609.0,3000875.58,18621192.0,0.0,0.0,0.02,80.0,0.0,0.0,35849.31,542080.0,343190.09,5249530.0,24240.56,371426.0,71278.11,1057780.0,54571.91,837073.0,72222.91,1072361.0,22.12,3.58,1.26,5942.470215,5949.339844,5888.660156,5891.069824,3667340000.0,INDIA VIX,13.74,13.98,13.23,13.54,2025-01-09,-0.0081169099535468,0.0001487824635069,6.0
NIFTY,2025-01-06,24045.8,24089.95,23551.9,23616.05,23854.34285714286,23916.58577216106,40.69572819051191,304.58587816869294,13.37171830017607,36.419139320638656,0.18360794816559,-2.0539969558093216,-1.787214399188216,3470.69,52156.0,23621.38,350540.0,5391.47,79821.0,2058006.21,21307236.0,432468.9,4005587.0,2090652.89,21748428.0,0.0,0.0,0.02,80.0,0.0,0.0,23676.52,364770.0,344865.06,5293273.0,25100.13,381599.0,71053.99,1083426.0,59919.3,920014.0,71093.16,1082521.0,21.76,3.52,1.28,5975.379883,6021.040039,5960.009766,5982.810059,4940120000.0,INDIA VIX,13.54,15.92,13.54,15.65,2025-01-09,-0.0019046985336316,0.018888953580251,3.0
NIFTY,2025-01-07,23679.9,23795.2,23637.8,23707.9,23809.47857142857,23888.761002539584,43.00251630171493,295.626172585215,26.4935760171307,27.025055707222577,0.4869108399950982,-0.1777879129557227,0.1182437425833723,5422.57,82846.0,23262.68,348139.0,5180.72,75329.0,1406983.44,9494430.0,516785.89,4690705.0,1383768.01,9392531.0,0.0,0.0,0.02,80.0,0.0,0.0,26860.12,413554.0,338202.12,5318015.0,29003.08,452167.0,85750.68,1281301.0,63343.72,999999.0,84450.16,1262374.0,21.84,3.54,1.27,5909.029785,6000.680176,5890.680176,5993.259766,4517330000.0,INDIA VIX,15.65,15.65,14.35,14.66,2025-01-09,-0.0202661328806287,0.0135177935717634,2.0
NIFTY,2025-01-08,23746.65,23751.85,23496.15,23688.95,23773.057142857146,23862.119535534308,42.634053971331184,292.7743031148423,29.820554649265905,23.228616322190888,0.021897825588018,-1.0548856365003063,-0.2429816416210317,3385.21,50610.0,24540.62,365959.0,3420.62,49148.0,2085580.44,13372339.0,488537.01,4453332.0,2138214.37,13718738.0,0.0,0.0,0.05,257.0,3.62,177.0,22216.01,344463.0,341278.78,5338487.0,19812.79,310453.0,56701.48,864125.0,67422.78,1061386.0,55641.98,847404.0,21.83,3.53,1.27,5918.25,5927.890137,5874.779785,5910.660156,4441740000.0,INDIA VIX,14.66,14.88,14.1,14.47,2025-01-09,-0.0103867282332456,0.0106688732937065,1.0
NIFTY,2025-01-09,23674.75,23689.5,23503.05,23526.5,23742.68571428571,23817.37026412973,39.50878043773756,285.1797100352108,8.619902120717686,21.644677595704763,0.0623026642308788,-0.7252452507418272,-0.6261945743883252,2890.44,42877.0,26019.66,386427.0,4256.11,60181.0,1729367.35,11124785.0,551819.77,4902739.0,1759327.04,11263403.0,0.0,0.0,0.09,457.0,4.08,200.0,22755.65,353396.0,339263.72,5335065.0,25174.91,390984.0,68211.56,1018083.0,71868.11,1136620.0,74276.26,1109115.0,21.68,3.51,1.28,,,,,,INDIA VIX,14.47,14.89,13.75,14.66,2025-01-09,-0.0073812817453193,-0.0052693270256285,0.0
NIFTY,2025-01-10,23551.9,23596.6,23344.35,23431.5,23731.542857142857,23765.920895579104,37.76531597632093,282.8275878898386,9.87703292344322,16.105829897808935,0.1897936047622361,-0.8812452498524658,-0.51121140969519,2426.55,35749.0,26911.55,395923.0,4613.4,65257.0,2547609.81,15504536.0,324450.47,3715472.0,2568576.19,15603360.0,0.0,0.0,0.13,657.0,4.07,200.0,26276.96,406058.0,335581.07,5318975.0,29729.85,465704.0,67533.06,1022060.0,77797.65,1242673.0,72619.82,1102017.0,21.59,3.49,1.28,5827.040039,5890.350098,5807.779785,5890.350098,4751930000.0,INDIA VIX,14.66,15.52,14.66,14.92,2025-01-16,-0.0022036438673738,0.0190260658375756,6.0
NIFTY,2025-01-13,23195.4,23340.95,23047.25,23085.95,23683.864285714288,23675.25810950189,32.19937176595548,290.07204589770726,3.281190385349163,7.259375143170021,0.6274951067884118,-0.6387042258378879,-0.4718607999862073,3326.09,49611.0,27748.91,406956.0,4346.38,59592.0,1121816.16,8412079.0,457451.98,4711067.0,1135090.6,8482157.0,0.0,0.0,0.13,657.0,0.0,0.0,28502.8,448559.0,334427.8,5373306.0,24634.89,390470.0,86536.58,1304849.0,81056.67,1314800.0,86821.73,1311520.0,21.25,3.44,1.3,5836.220215,5838.609863,5773.310059,5782.02002,4421200000.0,INDIA VIX,14.92,16.19,14.45,16.0,2025-01-16,0.0001983151831828,0.0131319140864136,3.0
NIFTY,2025-01-14,23165.9,23264.95,23134.15,23176.05,23644.464285714286,23608.69702823497,34.89380018197036,282.1383283335853,10.920344228241907,8.026189179011427,0.4275681065704301,-0.1370548953418602,0.0438143996132151,5425.69,83944.0,28987.28,427254.0,6844.73,101344.0,1263106.6,9222241.0,626147.06,5875235.0,1245878.8,9048044.0,0.0,0.0,0.13,657.0,0.0,0.0,31612.06,521664.0,333057.14,5496338.0,29364.76,480934.0,83910.35,1311498.0,84315.46,1412171.0,87336.16,1374007.0,21.34,3.46,1.3,5842.910156,5871.919922,5805.419922,5859.27002,4142280000.0,INDIA VIX,16.0,16.0,15.12,15.47,2025-01-16,-0.0071613880747133,0.014422060010619,2.0
NIFTY,2025-01-15,23250.45,23293.65,23146.45,23213.2,23606.10714285714,23555.96409113698,36.022756572546506,272.49987630975784,14.07011742761462,9.423884013735227,0.1858028554286077,-0.4473031704762704,-0.1602119528869333,3412.07,53398.0,30606.19,441589.0,3870.15,53025.0,1899501.08,13152373.0,576720.82,5502748.0,1892107.75,13069432.0,0.0,0.0,0.13,657.0,0.0,0.0,30958.01,500971.0,338994.32,5521306.0,26999.45,431535.0,85997.15,1351096.0,89042.0,1464600.0,84588.36,1328393.0,21.37,3.46,1.3,5949.910156,5960.609863,5905.209961,5905.209961,4544570000.0,INDIA VIX,15.47,15.66,15.2,15.26,2025-01-16,-0.0021698504760123,0.002131141547798,1.0
NIFTY,2025-01-16,23377.25,23391.65,23272.05,23311.8,23570.27857142857,23523.408878985385,39.04392272656026,265.78202800191804,22.429946161346315,15.806802605734278,0.0615983488220447,-0.4500101594498956,-0.2799730507223935,2317.56,35638.0,30829.01,442706.0,2130.92,31005.0,1445985.08,9587421.0,613804.13,5712833.0,1514719.82,9971147.0,0.0,0.0,0.13,657.0,0.0,0.0,24990.63,413830.0,343178.66,5585017.0,23326.28,384165.0,81376.35,1292674.0,92142.16,1510033.0,81516.75,1293775.0,21.46,3.48,1.29,5937.339844,5964.689941,5930.720215,5963.609863,4285810000.0,INDIA VIX,15.26,15.57,13.96,15.47,2025-01-16,-0.0033044947545156,-0.0033044947545156,0.0
NIFTY,2025-01-17,23277.1,23292.1,23100.35,23203.2,23538.72857142857,23480.714361787337,36.97296623607192,261.90116885892394,13.222264614862912,16.574109401274615,0.0644410171370145,-0.7593299852644875,-0.3174794110950153,2815.95,43462.0,31854.76,448836.0,3696.92,50754.0,2437269.06,15371682.0,380492.59,4360298.0,2413397.31,15155714.0,0.0,0.0,0.13,657.0,0.0,0.0,25043.77,399042.0,341293.53,5519097.0,29675.49,467758.0,80976.0,1260149.0,96952.51,1569503.0,81427.21,1263451.0,21.36,3.46,1.39,5996.660156,6014.959961,5978.439941,5995.399902,4366830000.0,INDIA VIX,15.47,16.38,14.05,15.75,2025-01-23,-0.0033122682808425,0.0224641385739632,6.0
NIFTY,2025-01-20,23290.4,23391.1,23170.65,23344.75,23517.29642857143,23462.58578021569,41.34035350151577,258.9403710832863,25.22362117936325,20.291943985190823,0.4323669838216479,-0.5141603407412496,0.2333579500566694,2317.56,34281.0,34023.86,478666.0,4724.15,63623.0,1062407.33,7952739.0,453061.12,4965614.0,1076866.58,8092725.0,0.0,0.0,0.13,657.0,0.0,0.0,23733.87,375303.0,341337.48,5519409.0,24578.94,383327.0,91697.77,1392038.0,101477.24,1635433.0,92546.73,1402490.0,21.4,3.48,1.34,,,,,,INDIA VIX,15.75,17.02,15.18,16.42,2025-01-23,-0.0038814275409611,0.008999416068423,3.0
NIFTY,2025-01-21,23421.65,23426.3,22976.85,23024.65,23465.992857142857,23404.1943428536,35.371289781115294,272.54820172019447,3.824458935072435,14.090114909766196,0.0198534262103558,-1.899097629757096,-1.6950129474225768,2563.33,35974.0,36134.86,505985.0,2861.05,42275.0,1160710.96,8596748.0,536970.12,5542500.0,1164323.33,8632021.0,0.0,0.0,0.13,657.0,0.0,0.0,23964.53,371829.0,346618.16,5572326.0,23352.82,371408.0,94652.15,1413788.0,105571.26,1687887.0,95464.37,1427082.0,21.07,3.43,1.36,6049.240234,6051.509766,6006.879883,6014.120117,4702920000.0,INDIA VIX,16.42,17.45,15.2,17.06,2025-01-23,-0.0180025745410763,0.0033451955775958,2.0
NIFTY,2025-01-22,23099.15,23169.55,22981.3,23155.35,23392.185714285715,23371.01509713979,39.229613179299214,266.52690159732344,14.63594621187272,14.561342108769464,0.3047731193571963,-0.5101919334694228,0.243298995850484,3872.36,58563.0,38554.12,532440.0,6302.96,75418.0,2995531.97,20722556.0,536479.05,5797860.0,2970052.47,20563484.0,0.0,0.0,0.13,657.0,0.0,0.0,27668.15,443381.0,343328.31,5611445.0,33125.88,525352.0,128147.05,1969516.0,107629.12,1755409.0,129566.56,1995926.0,21.19,3.45,1.35,6086.370117,6100.810059,6076.129883,6081.390137,4323040000.0,INDIA VIX,17.06,17.3,15.91,16.77,2025-01-23,-0.0042923657364015,3.679789083133045e-05,1.0
NIFTY,2025-01-23,23128.3,23270.8,23090.65,23205.35,23335.08571428572,23348.92641752115,40.688400152906254,260.3571229118002,20.528254424579963,12.996219857175037,0.6161282930435873,-0.1627875805830857,0.3331416489754944,4359.05,64024.0,40224.09,539935.0,5327.13,64343.0,1676697.39,12744041.0,625451.86,6643833.0,1722770.12,13011808.0,0.0,0.0,0.13,657.0,0.0,0.0,29520.49,471108.0,347226.9,5683510.0,27739.96,447005.0,117172.27,1795637.0,111405.22,1826141.0,118759.36,1826051.0,21.24,3.46,1.35,6118.709961,6118.72998,6074.669922,6076.319824,4432250000.0,INDIA VIX,16.77,17.08,15.67,16.7,2025-01-23,0.0031000981481561,0.0052619518079581,0.0
NIFTY,2025-01-24,23183.9,23347.3,23050.0,23092.2,23297.667857142857,23314.69622851833,38.43961413357573,262.9958998466716,14.095435938168494,16.419878858207056,0.7047994513433797,-0.5775559763456599,-0.3955331070268623,3772.23,55949.0,40261.46,526137.0,3054.46,34133.0,2569365.59,17940973.0,430777.85,5942466.0,2570072.44,17840669.0,0.0,0.0,0.13,657.0,0.0,0.0,32174.37,514879.0,349243.27,5670544.0,30052.69,477673.0,112148.45,1722695.0,114548.45,1859005.0,111769.95,1712377.0,21.09,3.44,1.35,6101.240234,6128.180176,6088.740234,6121.430176,4214250000.0,INDIA VIX,16.7,17.31,16.12,16.75,2025-01-30,-0.0079322288312148,0.0136344618463675,6.0
NIFTY,2025-01-27,22940.15,23007.45,22786.9,22829.15,23234.9,23249.95673138255,33.76720310902752,266.01762128619504,4.378465205451072,13.000718522733171,0.2933721008798951,-0.668042711141819,-0.4838678038286584,5897.25,84911.0,40890.99,521285.0,5593.96,66033.0,1126092.05,17390734.0,505570.92,6991426.0,1155172.3,17826244.0,0.0,0.0,0.13,657.0,0.0,0.0,33574.74,541201.0,345806.53,5686123.0,33386.41,536634.0,123492.84,1920684.0,115042.61,1895331.0,123160.64,1922196.0,20.85,3.4,1.37,6012.279785,6017.169922,5962.919922,5969.040039,5198750000.0,INDIA VIX,16.75,18.52,16.75,18.13,2025-01-30,0.0026089628882111,0.0026089628882111,3.0
NIFTY,2025-01-28,22960.45,23137.95,22857.65,22957.25,23182.63571428572,23210.92916719821,37.736306458005394,269.0735054800382,18.87325504099256,12.449052061537373,0.7730684720900505,-0.4477264165118683,-0.0139370090743026,7607.84,108572.0,41984.33,497849.0,7642.08,70140.0,1126243.95,17018105.0,573141.05,7942142.0,1136394.27,17230644.0,0.0,0.0,0.13,657.0,0.0,0.0,123114.73,2051579.0,341759.97,5727346.0,120163.9,2012432.0,124385.66,1974343.0,114478.19,1931285.0,123720.25,1964061.0,20.85,3.42,1.38,6067.700195,6074.540039,5994.629883,6026.970215,4473640000.0,INDIA VIX,18.13,18.5,16.83,18.2,2025-01-30,0.0017225272152767,0.0017225272152767,2.0
NIFTY,2025-01-29,23026.75,23183.35,22976.5,23163.1,23156.67857142857,23204.55194490512,43.58672638467036,266.00396937432106,46.46165246387532,23.237790903439645,0.6800786042320281,-0.2182244563388233,0.5921374054089202,10423.32,133933.0,45393.37,471698.0,10912.72,99435.0,2764156.82,39028180.0,559617.81,7617066.0,2748475.24,38728359.0,13.05,635.0,0.13,657.0,13.05,635.0,140055.32,2333918.0,348496.61,5802695.0,137539.42,2292041.0,130961.39,2074045.0,116487.13,1970156.0,130734.74,2071126.0,21.06,3.45,1.38,6039.310059,6062.830078,6012.959961,6057.700195,4115310000.0,INDIA VIX,18.2,19.01,17.29,18.64,2025-01-30,-0.0011616923795151,-0.0011616923795151,1.0
NIFTY,2025-01-30,23169.5,23322.05,23139.2,23249.5,23143.67857142857,23210.545018917768,45.885079425098894,260.064400133298,72.3490772599312,45.89466158826636,0.658408683830032,-0.1307753727961297,0.345281512333024,7536.88,91981.0,45573.26,445500.0,7371.1,79485.0,1264309.09,19517911.0,623873.78,8311557.0,1241889.55,19104900.0,0.0,0.0,0.13,657.0,0.0,0.0,96099.99,1602696.0,354816.37,5822256.0,93231.91,1559265.0,89504.0,1420429.0,120124.72,1997859.0,85158.29,1350212.0,21.12,3.47,1.37,6071.169922,6086.640137,6027.459961,6050.75,4634620000.0,INDIA VIX,18.64,18.99,17.22,17.39,2025-01-30,-0.0073156520425559,0.003474395217851,0.0
NIFTY,2025-01-31,23296.75,23546.8,23277.4,23508.4,23173.85357142857,23250.2590163954,52.1730578589066,262.7240858380624,94.94670351362048,71.252477745809,1.0733256784744625,-0.0830587957547664,0.908495820232442,7559.86,89148.0,36425.05,222463.0,11707.98,84445.0,3492615.15,54078834.0,270537.01,1600059.0,3528076.17,54610877.0,0.0,0.0,0.13,635.0,0.0,0.0,67708.26,1089045.0,350815.79,5697056.0,67346.58,1111620.0,43453.3,675560.0,20580.29,344100.0,48272.74,745010.0,21.33,3.51,1.38,6040.529785,6120.910156,6030.930176,6096.790039,4843770000.0,INDIA VIX,17.39,17.94,16.11,16.25,2025-02-06,-0.0127378282378443,0.0087243928874198,6.0
NIFTY,2025-02-01,23528.6,23632.45,23318.3,23482.15,23195.717857142856,23281.17781420935,51.51940554617614,266.39736542105805,82.22458754656739,83.17345610670637,0.4413777275316092,-0.8938058363013492,-0.1974193109662159,3428.72,20912.0,37726.05,228543.0,3638.07,22146.0,602695.19,3562295.0,411515.26,2410988.0,656785.63,3877796.0,0.0,0.0,0.13,635.0,0.0,0.0,26807.65,444647.0,350765.06,5618074.0,22615.08,372423.0,61810.13,979354.0,33647.45,558863.0,64441.58,1032645.0,21.29,3.5,1.38,,,,,,INDIA VIX,16.25,16.58,14.01,14.1,2025-02-06,-0.0139659818263729,0.020035191214097,5.0
NIFTY,2025-02-03,23319.35,23381.6,23222.0,23361.05,23206.27857142857,23291.82743898144,48.50052146391264,265.95112503383973,67.90254863698165,81.69127989905651,0.2669456910248356,-0.4174644662050981,0.1788214508551942,4179.17,24944.0,37712.99,230120.0,4013.74,24953.0,1009229.47,5928857.0,491773.83,2888209.0,1016458.34,5997243.0,0.0,0.0,0.0,0.0,0.0,0.0,11037.79,177438.0,354227.13,5677260.0,10109.6,171448.0,58473.4,935546.0,39063.19,649023.0,60228.79,964850.0,21.22,3.48,1.39,5994.569824,6022.129883,5923.930176,5969.649902,4797210000.0,INDIA VIX,14.1,15.11,14.1,14.35,2025-02-06,-0.0008297829913783,0.0077467853949617,3.0
NIFTY,2025-02-04,23509.9,23762.75,23423.15,23739.25,23236.81071428571,23351.48378045058,56.97900383240631,275.64747324570834,97.59184300865913,82.5729930640694,1.0755043619921756,-0.3689934878497994,0.9755464719118266,3067.86,18954.0,38024.99,232951.0,4735.15,28819.0,1197712.71,7127726.0,552098.9,3281690.0,1205439.69,7168028.0,0.0,0.0,0.13,635.0,0.0,0.0,30301.63,497118.0,350307.77,5661969.0,31813.82,536209.0,68007.72,1046243.0,47619.2,801922.0,70305.93,1093826.0,21.56,3.54,1.37,6037.879883,6042.47998,5990.870117,5998.140137,4410160000.0,INDIA VIX,14.35,15.13,13.67,14.02,2025-02-06,-0.0004210991965087,0.0208465369907995,2.0
NIFTY,2025-02-05,23801.75,23807.3,23680.45,23696.3,23272.032142857144,23397.459276390506,55.85440139976777,265.0190822995862,89.12191297530379,84.87210154031486,0.0233176132007069,-0.5096263930173172,-0.4430346508134937,10111.11,59338.0,38244.91,230822.0,4757.61,28625.0,2722858.56,16618804.0,503337.07,2913201.0,2685989.28,16377311.0,0.0,0.0,0.13,635.0,0.0,0.0,34689.78,566185.0,349724.17,5581180.0,27216.05,443642.0,71310.12,1127861.0,54362.63,901579.0,73301.04,1162738.0,21.52,3.53,1.37,6061.47998,6062.859863,6007.060059,6020.450195,4756250000.0,INDIA VIX,14.02,14.3,13.5,14.08,2025-02-06,-0.0126776392492148,0.0083292194901636,1.0
NIFTY,2025-02-06,23761.95,23773.55,23556.25,23603.35,23290.50357142857,23424.91137287177,53.39810419402868,261.6105764210443,80.0127401019207,88.90883202862786,0.0488175423313261,-0.8656696946168169,-0.6674536391163275,2938.94,17680.0,38817.25,233700.0,2305.8,13624.0,1256176.87,7146838.0,578463.24,3349551.0,1268151.84,7230374.0,0.0,0.0,0.13,635.0,0.0,0.0,21731.9,357067.0,351251.29,5579634.0,24370.49,394289.0,65549.31,1039556.0,59931.59,985448.0,66520.1,1053451.0,21.45,3.52,1.38,6083.569824,6084.029785,6046.830078,6072.220215,4847120000.0,INDIA VIX,14.08,14.64,13.15,14.18,2025-02-06,-0.0089197224975223,-0.006815518086689,0.0
NIFTY,2025-02-07,23649.5,23694.5,23443.2,23559.95,23328.739285714288,23442.91652315554,52.24285562592051,260.87410667668394,75.7595060760487,81.6313863844244,0.1902788642466014,-0.8723228820905273,-0.3786549398507337,2082.05,12798.0,38571.23,233041.0,3303.58,19585.0,2131336.71,12112890.0,353089.7,2103114.0,2114385.26,12004649.0,0.0,0.0,0.13,635.0,0.0,0.0,22489.55,354092.0,355776.52,5686446.0,28950.42,457542.0,63379.8,997371.0,65795.19,1091418.0,64924.46,1024047.0,21.41,3.51,1.41,6025.990234,6101.279785,6019.959961,6083.129883,4766900000.0,INDIA VIX,14.18,14.51,13.55,13.69,2025-02-13,-0.0020930675067125,0.0148206093152074,6.0
NIFTY,2025-02-10,23543.8,23568.6,23316.3,23381.6,23344.9,23434.740986734803,47.677917016433724,260.2616704854922,58.28106624852983,71.35110414216642,0.10533558728837,-0.9662841172622942,-0.6889287200876695,3072.54,19036.0,39491.42,238944.0,4155.44,25369.0,790833.88,4586557.0,380963.47,2268336.0,784626.35,4557280.0,0.0,0.0,0.13,635.0,0.0,0.0,22610.9,360132.0,358225.55,5726971.0,22128.06,357921.0,46681.58,709402.0,67062.49,1109740.0,46673.34,708932.0,20.82,3.48,1.36,6066.439941,6073.379883,6044.839844,6046.399902,4458760000.0,INDIA VIX,13.69,14.72,13.69,14.45,2025-02-13,-0.0018603623883994,0.0193766511778048,3.0
NIFTY,2025-02-11,23383.55,23390.05,22986.65,23071.8,23335.360714285714,23386.348855170167,40.97955978094073,270.48583687938543,27.92042336338676,53.98699856265509,0.0277973190554898,-1.697347066634441,-1.333202187007533,1977.4,12027.0,40477.9,246884.0,3792.05,23045.0,767292.21,4478931.0,402883.83,2408927.0,761289.39,4448007.0,0.0,0.0,0.13,635.0,0.0,0.0,15783.11,256973.0,353600.24,5730302.0,17780.16,291566.0,60924.91,946896.0,70364.5,1183607.0,62738.49,980137.0,20.53,3.43,1.38,6068.5,6076.279785,6042.339844,6049.319824,4324880000.0,INDIA VIX,14.45,15.43,13.85,14.87,2025-02-13,-0.016402556498051,0.0049799966215566,2.0
NIFTY,2025-02-12,23050.8,23144.7,22798.35,23045.25,23332.007142857143,23340.869007814144,40.45500471740061,275.9047056737152,25.31850254802029,37.17333071997896,0.4073611328023386,-1.0951897548024396,-0.0240772554531698,2895.48,17729.0,41568.65,257960.0,4579.98,28691.0,2888999.29,18091205.0,400101.55,2406424.0,2890828.17,18109210.0,0.0,0.0,0.13,635.0,0.0,0.0,21028.08,341727.0,348717.29,5759709.0,21814.09,356942.0,76758.85,1198483.0,74551.13,1280764.0,78482.66,1234956.0,20.52,3.43,1.45,6051.970215,6063.0,6003.0,6025.080078,4627960000.0,INDIA VIX,14.87,15.62,14.61,14.9,2025-02-13,-0.0152185607440956,0.0194873930622798,1.0
NIFTY,2025-02-13,23055.75,23235.5,22992.2,23031.4,23346.45357142857,23299.60647343893,40.16616686024793,273.57579812559266,23.098270479211333,25.445732130206125,0.779631979007406,-0.2756362295739643,-0.1056135671144879,4992.67,31233.0,43063.41,267755.0,5418.48,33606.0,1382481.68,8074524.0,410601.45,2470702.0,1386998.28,8101804.0,0.0,0.0,0.13,635.0,0.0,0.0,26433.74,448982.0,349891.96,5786525.0,23723.46,396744.0,97800.06,1575736.0,79866.72,1374721.0,99378.31,1605235.0,20.51,3.43,1.45,6115.069824,6116.910156,6050.950195,6060.589844,4763800000.0,INDIA VIX,14.9,15.47,12.2,14.96,2025-02-13,-0.0024180518959479,-0.0002493954870259,0.0
NIFTY,2025-02-14,23096.45,23133.7,22774.85,22929.25,23344.45357142857,23250.225610313737,38.01060767461416,279.6668125451933,14.954719356869711,21.12383079470045,0.1612801967401916,-1.3924217791045903,-0.7239207757036287,3828.0,23271.0,43201.57,268975.0,3315.78,20039.0,2465948.27,14292429.0,305542.64,1867660.0,2457469.55,14244611.0,0.0,0.0,0.13,635.0,0.0,0.0,19862.69,330695.0,348941.92,5768609.0,18701.64,306323.0,72928.35,1119078.0,85068.03,1459766.0,76352.67,1180255.0,20.42,3.41,1.46,6114.629883,6127.470215,6107.620117,6115.52002,4335190000.0,INDIA VIX,14.96,15.68,14.36,15.02,2025-02-20,-0.0041759664364003,0.0044833729858917,6.0
NIFTY,2025-02-17,22809.9,22974.2,22725.45,22959.5,23329.91071428572,23211.46219560524,39.05369020070537,277.45846879196523,21.634237648472485,19.895742494851177,0.720301272692994,-0.3702339773519424,0.6558555714843053,3829.0,23709.0,43858.31,275761.0,4687.73,29459.0,716108.84,4288151.0,360351.61,2205781.0,709855.14,4249756.0,0.0,0.0,0.13,635.0,0.0,0.0,19408.17,326870.0,346355.24,5803672.0,18922.44,316113.0,89239.66,1427382.0,89038.02,1558999.0,91934.82,1481519.0,20.44,3.42,1.42,,,,,,INDIA VIX,15.02,16.31,14.5,15.72,2025-02-20,-0.0135862059895046,0.0171022231574886,3.0
NIFTY,2025-02-18,22963.65,22992.5,22801.5,22945.3,23308.182142857146,23175.97390285788,38.72428357407119,271.2828638782534,20.32167121135081,18.970209405564336,0.1256333379057708,-0.706115970239929,-0.0799088994998712,4263.58,26279.0,43771.23,274566.0,3674.97,22638.0,760900.68,4633007.0,373399.54,2276831.0,764926.6,4654778.0,0.0,0.0,0.13,635.0,0.0,0.0,20754.28,358818.0,349731.07,5833665.0,18297.71,311127.0,84166.62,1367580.0,93652.85,1628530.0,84671.44,1377977.0,20.4,3.42,1.42,6129.580078,6129.629883,6099.509766,6121.600098,4684980000.0,INDIA VIX,15.72,16.32,14.78,15.67,2025-02-20,-0.0201906055875263,0.0102923533497505,2.0
NIFTY,2025-02-19,22847.25,23049.95,22814.85,22932.9,23267.075,23143.564049143493,38.41953590443624,268.69837360123546,19.175486435273005,20.3771317650321,0.8871964897307149,-0.1418113777369331,0.374881003184197,4168.9,25680.0,43582.96,274368.0,4472.27,27312.0,2150156.3,13770279.0,367210.44,2228773.0,2153441.43,13792251.0,0.0,0.0,0.13,635.0,0.0,0.0,17368.53,296701.0,348917.76,5835138.0,17465.29,297920.0,84967.71,1365537.0,96695.9,1686061.0,84081.4,1351022.0,20.38,3.41,1.42,6144.149902,6147.430176,6111.149902,6117.759766,4562330000.0,INDIA VIX,15.67,16.02,14.75,15.42,2025-02-20,-0.0020680825919968,0.0066857061571961,1.0
NIFTY,2025-02-20,22821.1,22923.85,22812.75,22913.15,23226.432142857146,23112.84217592436,37.907835120030896,258.08777548686163,17.349909876600357,18.9490225077414,0.4502412241303005,-0.0365889461945241,0.4033547900846274,3789.04,23868.0,43974.32,275093.0,3605.71,22069.0,883095.28,5220725.0,385286.64,2333931.0,881085.36,5212702.0,0.0,0.0,0.0,0.0,0.0,0.0,24008.19,399287.0,351588.12,5852320.0,23283.34,382393.0,93682.0,1478224.0,100545.16,1737544.0,92429.03,1454911.0,20.37,3.41,1.41,6117.52002,6134.5,6084.589844,6134.5,4813690000.0,INDIA VIX,15.42,15.9,14.64,14.68,2025-02-20,0.0034573267721538,0.0034573267721538,0.0
NIFTY,2025-02-21,22857.2,22921.0,22720.3,22795.9,23186.064285714285,23070.58321913445,34.93320585568256,253.9886486663716,6.954921803128076,14.493439371667144,0.2791243021892413,-0.5989360026599997,-0.268186829532923,3182.96,19309.0,44741.87,279774.0,4244.22,25980.0,1630136.44,9562622.0,318601.68,1961479.0,1636039.26,9599043.0,0.0,0.0,0.13,635.0,0.0,0.0,28792.58,481378.0,353628.81,5855630.0,27282.16,448476.0,82032.63,1330914.0,103633.81,1765413.0,81302.87,1307971.0,20.26,3.39,1.41,6013.129883,6114.819824,6008.560059,6114.100098,5434560000.0,INDIA VIX,14.68,15.24,12.08,14.53,2025-02-27,-0.0156274609313477,0.0062474843812889,6.0
NIFTY,2025-02-24,22609.35,22668.05,22518.8,22553.35,23101.35714285714,23001.618789916523,29.735087181461736,255.6394594759166,2.681412495149342,8.995414724959259,0.2596271011771711,-0.40049802404757,-0.2476851391128007,7124.75,45082.0,43521.21,275169.0,7106.41,45769.0,616636.87,3777167.0,378715.11,2336666.0,616752.14,3780663.0,0.0,0.0,0.13,635.0,0.0,0.0,109023.07,1844346.0,351406.82,5859577.0,110116.76,1866875.0,103267.1,1671990.0,107240.61,1848825.0,102023.01,1653366.0,20.05,3.36,1.42,5983.25,6043.649902,5977.830078,6026.689941,4990120000.0,INDIA VIX,14.53,15.58,14.37,14.44,2025-02-27,-0.00041354572334,0.0172782499275743,3.0
NIFTY,2025-02-25,22516.45,22625.3,22513.9,22547.55,23019.30357142857,22941.07628459432,29.621578951946944,245.3366409419224,2.671376969793028,4.102570422690149,0.483424340870779,-0.0113250534609109,0.1381212402487894,11989.95,77428.0,45505.56,289714.0,13381.07,85427.0,1081900.27,6702853.0,557662.53,3468069.0,1083114.92,6718191.0,3.09,151.0,0.13,635.0,3.09,151.0,136370.28,2284552.0,350351.37,5873952.0,134494.21,2258498.0,81498.15,1325358.0,107149.05,1861814.0,80924.4,1313926.0,20.04,3.36,1.42,5955.25,5992.649902,5908.490234,5982.72998,5374690000.0,INDIA VIX,14.44,15.08,13.61,13.72,2025-02-27,0.0037106204574877,0.0081518178931403,2.0
,2025-02-26,,,,,,,,,,,,,,,,,,,,,,,,,,,,,,,,,,,,,,,,,,,,,,,5956.060059,6009.819824,5932.689941,5970.870117,4869580000.0,,,,,,,,,
NIFTY,2025-02-27,22568.95,22613.3,22508.4,22545.05,22943.71071428572,22888.272779981748,29.56918343091904,235.3054523032135,3.089958688137413,2.814249384359928,0.1965089204415736,-0.2682889545149387,-0.1058977045897193,10772.08,68365.0,47621.12,302853.0,10664.56,67053.0,1668573.99,10635320.0,585109.16,3613527.0,1708716.03,10905764.0,0.0,0.0,0.13,635.0,0.0,0.0,100438.43,1702170.0,348341.44,5866075.0,97507.83,1667793.0,57835.54,940602.0,104210.07,1818665.0,55405.33,896129.0,20.04,3.36,1.42,5861.569824,5993.689941,5858.779785,5981.879883,5057680000.0,INDIA VIX,13.72,14.01,12.91,13.31,2025-02-27,-0.0008396491640063,0.0013757839864061,0.0
NIFTY,2025-02-28,22433.4,22450.35,22104.85,22124.7,22841.19285714285,22786.463075984186,22.395997403712045,249.9407771386984,1.3561058923998075,2.3724805167767498,0.0755569820000405,-1.4645573118653563,-1.3760731766027472,14935.63,94550.0,40296.13,257117.0,13982.25,87945.0,2065009.15,13291905.0,249638.78,1526130.0,2090782.98,13456251.0,4.02,200.0,0.08,408.0,5.19,257.0,51674.2,863343.0,328523.06,5572654.0,46214.57,775190.0,36030.74,578511.0,26051.07,451596.0,38302.44,616955.0,19.67,3.29,1.45,5954.5,5959.399902,5837.660156,5856.740234,6441140000.0,INDIA VIX,13.31,14.12,13.23,13.91,2025-03-06,-0.0193194076689222,0.0029687876113295,6.0
NIFTY,2025-03-03,22194.55,22261.55,22004.7,22119.3,22751.02857142857,22697.50799918629,22.32108470384616,250.43429305736265,8.272277763741918,4.239447448093046,0.3018759109781455,-0.8553901746149327,-0.339047198523962,4346.9,27575.0,41912.91,270878.0,6820.44,42632.0,797309.99,4868711.0,388427.14,2422168.0,787130.47,4817194.0,0.0,0.0,0.09,445.0,0.76,37.0,26782.51,485091.0,327775.95,5691010.0,23390.09,426947.0,51212.81,841847.0,36677.55,655793.0,54019.88,902128.0,19.66,3.29,1.45,5849.720215,5986.089844,5810.910156,5968.330078,5613850000.0,INDIA VIX,13.91,14.36,13.57,13.76,2025-03-06,-0.0087656654448952,0.0137623876131753,3.0
NIFTY,2025-03-04,21974.45,22105.05,21964.6,22082.65,22680.375,22615.526932628123,21.788393945363296,243.59612926755105,9.288693052167972,6.3056922361032335,0.5943265929295092,-0.0448247851482161,0.4923900256889284,4051.74,25856.0,42600.64,275597.0,3905.7,25057.0,1030459.79,6440064.0,433502.75,2720713.0,1062323.19,6655668.0,0.0,0.0,0.09,445.0,0.0,0.0,21840.92,391523.0,332841.55,5765052.0,19347.65,344145.0,53837.33,906544.0,43288.7,776029.0,55412.84,941372.0,19.63,3.29,1.45,5778.149902,5865.080078,5732.589844,5811.97998,6138110000.0,INDIA VIX,13.76,14.2,13.37,13.83,2025-03-06,0.001162713970088,0.0148149327969528,2.0
NIFTY,2025-03-05,22073.05,22394.9,22067.8,22337.3,22629.807142857146,22578.430008277708,33.63869004498214,249.5606914627261,29.325674718703304,15.628881844871064,1.4581129476896133,-0.0237846604796346,1.1971612441416115,3047.28,19721.0,43467.64,281329.0,3083.5,19347.0,1721650.85,11261510.0,398284.17,2466672.0,1715614.05,11243094.0,0.0,0.0,0.09,445.0,0.0,0.0,17658.3,314005.0,332100.73,5756595.0,14895.05,269550.0,43707.57,743262.0,48359.04,866582.0,44552.1,759439.0,19.86,3.33,1.44,5842.629883,5860.589844,5742.350098,5781.359863,5285970000.0,INDIA VIX,13.83,14.13,13.1,13.67,2025-03-06,-0.003309465615309,0.0193425919843428,1.0
NIFTY,2025-03-06,22476.35,22556.45,22245.85,22544.7,22595.042857142857,22573.93267384068,41.423233500773634,253.9206420725316,49.61936532375341,29.411244364874893,0.3563745892905307,-1.0255223824152944,0.3040974179526577,3634.31,23084.0,44140.56,282174.0,3223.74,20239.0,1127976.16,6802123.0,468215.13,2870813.0,1125452.43,6793615.0,0.0,0.0,0.09,445.0,0.0,0.0,21092.76,372981.0,336276.02,5728920.0,20250.01,345628.0,56888.59,937535.0,51982.91,915384.0,57544.85,946161.0,20.04,3.36,1.42,5738.52002,5812.080078,5711.640137,5785.870117,5165080000.0,INDIA VIX,13.67,14.18,13.28,13.73,2025-03-06,0.0010522171082048,0.0032767775906676,0.0
NIFTY,2025-03-07,22508.65,22633.8,22464.75,22552.5,22568.132142857143,22571.07498399526,41.70021812465435,247.85845335306496,54.166858617036006,44.37063288649758,0.5560084678556813,-0.19503613055426,0.1948139937312923,5934.83,36900.0,43619.47,276645.0,4190.98,26677.0,2992683.87,17895477.0,353898.67,2199298.0,3005928.41,17984377.0,0.0,0.0,0.09,445.0,0.0,0.0,21451.57,367493.0,335379.05,5672864.0,19775.07,343541.0,54673.6,898652.0,56128.23,980467.0,54989.07,903477.0,20.05,3.36,1.42,5770.200195,5783.009766,5666.290039,5726.009766,5705140000.0,INDIA VIX,13.73,13.86,13.33,13.47,2025-03-13,-0.0003842967037117,0.0129439126735722,6.0
NIFTY,2025-03-10,22521.85,22676.75,22429.05,22460.3,22532.475,22556.304986129224,39.33263975976105,247.84713525641752,45.671903072741486,49.81937567117696,0.6877765370074016,-0.4120443036429035,-0.2732901604441876,2773.06,17343.0,44002.36,279346.0,3050.7,19146.0,832154.64,5068274.0,449923.15,2788934.0,827989.86,5059795.0,0.0,0.0,0.09,445.0,0.0,0.0,13862.86,243454.0,332978.59,5649194.0,15505.36,270154.0,49543.17,816706.0,59136.39,1037406.0,49795.99,819297.0,19.96,3.34,1.43,5614.560059,5705.370117,5564.02002,5705.370117,6409370000.0,INDIA VIX,13.47,14.21,13.47,13.99,2025-03-13,-0.0009701689692453,0.0212304939425491,3.0
NIFTY,2025-03-11,22345.95,22522.1,22314.7,22497.9,22500.51785714286,22548.51765464533,40.808572136618345,244.9580541666733,49.13622333809387,49.65832834262378,0.7882860205092995,-0.1398463703713648,0.6799889912937276,2614.98,16217.0,43994.16,281793.0,3116.7,19538.0,1112297.63,6817338.0,525716.58,3287468.0,1133597.49,6973627.0,0.0,0.0,0.09,445.0,0.0,0.0,14346.48,254938.0,327817.38,5627953.0,15650.47,275693.0,51669.06,848921.0,62187.61,1110544.0,51894.37,859505.0,20.0,3.35,1.43,5572.069824,5636.299805,5528.410156,5603.649902,6221240000.0,INDIA VIX,13.99,14.5,13.68,14.07,2025-03-13,-0.0065313848818242,0.0113689505257104,2.0
NIFTY,2025-03-12,22536.35,22577.4,22329.55,22470.5,22467.489285714284,22538.11530069261,40.04403843874088,245.1646217261968,52.7391191034664,49.18241517143392,0.1821501707241985,-0.9176286310782326,-0.2921946100411049,2956.79,18701.0,44162.56,282631.0,2876.62,18193.0,2164015.75,13939042.0,506063.25,3107675.0,2188250.25,14109263.0,0.0,0.0,0.09,445.0,0.0,0.0,19290.38,349002.0,329649.23,5668786.0,18668.8,352007.0,49372.61,847285.0,66351.89,1198409.0,49811.83,861540.0,19.97,3.34,1.43,5599.299805,5642.189941,5546.089844,5624.839844,5219830000.0,INDIA VIX,14.07,14.37,13.64,13.69,2025-03-13,-0.0104875013034496,-0.001612949745633,1.0
NIFTY,2025-03-13,22541.5,22558.05,22377.35,22397.2,22430.635714285712,22519.326593933605,37.99338927394206,240.56000588861136,45.23212045169401,49.03582096441809,0.0734201361932403,-0.7282124082248362,-0.6401526074129905,2285.29,14804.0,44658.1,285773.0,3107.92,19314.0,1479428.72,8875632.0,551808.44,3389616.0,1484626.17,8908137.0,0.0,0.0,0.09,445.0,0.0,0.0,19745.05,342449.0,329482.93,5683842.0,19159.18,331825.0,62725.67,1007846.0,70423.48,1264941.0,65039.99,1044520.0,19.91,3.33,1.44,5521.52002,5597.779785,5504.649902,5594.450195,5018980000.0,INDIA VIX,13.69,13.93,13.22,13.28,2025-03-13,-0.0062773107379722,-0.0062773107379722,0.0
,2025-03-14,,,,,,,,,,,,,,,,,,,,,,,,,,,,,,,,,,,,,,,,,,,,,,,5638.939941,5645.27002,5563.850098,5563.850098,4863180000.0,,,,,,,,,
NIFTY,2025-03-17,22353.15,22577.0,22353.15,22508.75,22410.125,22517.916381409126,42.7944983994523,239.36643403942475,76.40946429825182,58.12690128447074,1.0014248551098996,0.0,0.6960987601299975,2605.02,16720.0,45970.26,295122.0,2749.06,17273.0,2287952.13,13668071.0,392053.84,2464461.0,2363618.54,14123519.0,0.0,0.0,0.09,445.0,0.0,0.0,14477.4,249824.0,327504.33,5690410.0,16483.93,286458.0,46932.09,759761.0,73000.46,1317722.0,48279.56,784264.0,20.01,3.35,1.43,5675.120117,5703.52002,5631.120117,5635.600098,5031770000.0,INDIA VIX,13.28,14.1,13.28,13.42,2025-03-20,0.0065695438897872,0.0065695438897872,3.0
NIFTY,2025-03-18,22662.25,22857.8,22599.2,22834.3,22430.19285714285,22560.10086388791,53.99093447139913,247.20097446518005,97.3690103000448,73.00353168333021,0.8628887246411954,-0.2782159759070669,0.759192048450614,3214.7,20366.0,45170.39,288088.0,1315.43,8216.0,936794.8,5812391.0,496304.61,3090619.0,904280.43,5611337.0,0.0,0.0,0.09,445.0,0.0,0.0,16100.02,279446.0,330821.55,5701496.0,12763.71,222428.0,55459.38,892726.0,76539.96,1367048.0,57212.51,923514.0,20.3,3.4,1.41,5614.660156,5654.529785,5597.759766,5654.529785,4666270000.0,INDIA VIX,13.41,13.65,11.34,13.21,2025-03-20,-0.0071594832816688,0.0149036393120718,2.0
NIFTY,2025-03-19,22874.95,22940.7,22807.95,22907.6,22455.91071428572,22606.43408203619,56.07551942877007,239.02590486052435,96.60895400061447,90.1291428663037,0.287432322256442,-0.2928968150750056,0.14273255242087,7580.59,48537.0,43337.62,271361.0,2819.24,17764.0,2064627.7,13211660.0,493249.38,2988733.0,2119476.06,13554656.0,0.0,0.0,0.09,445.0,0.0,0.0,19798.8,332154.0,336751.73,5696578.0,16496.78,271808.0,62589.8,1011667.0,78204.05,1364894.0,61771.28,991893.0,20.36,3.41,1.41,5675.290039,5715.330078,5622.200195,5632.370117,4660090000.0,INDIA VIX,13.21,13.57,12.59,13.3,2025-03-20,-0.0163912926585632,0.0054666786156909,1.0
NIFTY,2025-03-20,23036.6,23216.7,22973.95,23190.65,22502.025,22684.329537764697,63.0395046116718,244.03119737048704,97.91949524798343,97.2991531828809,0.7817993974805405,-0.271958535547771,0.6687184740803891,5106.43,32178.0,44546.73,276966.0,3114.35,19457.0,977510.6,5854019.0,533864.15,3225173.0,956018.0,5731955.0,0.0,0.0,0.09,445.0,0.0,0.0,18798.3,316384.0,339405.86,5688574.0,18318.82,310330.0,83430.93,1341401.0,81510.58,1400430.0,82342.1,1321047.0,20.61,3.45,1.39,5662.890137,5711.149902,5632.330078,5646.919922,4678420000.0,INDIA VIX,13.3,13.3,12.51,12.6,2025-03-20,0.0070930606079022,0.0070930606079022,0.0
NIFTY,2025-03-21,23168.25,23402.7,23132.8,23350.4,22589.575,22773.138932729405,66.28810819748843,245.8789689868809,96.36325707530776,96.96390210796856,1.0119452267650804,-0.1530111251389325,0.7862052593527843,6625.61,39992.0,44452.87,273331.0,3692.02,22671.0,2150698.24,12634832.0,440374.11,2672030.0,2207390.61,12943455.0,0.0,0.0,0.09,445.0,0.0,0.0,25941.65,423713.0,342738.74,5705059.0,22688.63,377632.0,97445.64,1552947.0,86612.92,1473866.0,99502.34,1585335.0,20.76,3.48,1.38,5667.560059,5670.839844,5603.100098,5630.72998,9367460000.0,INDIA VIX,12.6,12.84,10.7,12.58,2025-03-27,-0.0072620935979195,0.0143191652369083,6.0
NIFTY,2025-03-24,23515.4,23708.75,23433.5,23658.35,22699.507142857143,22891.16707503216,71.49019108028217,253.9126140592465,97.11034028036572,97.13103086788566,0.8222271362596364,-0.3482824021704987,0.6078995041547117,5605.73,33823.0,43505.62,265628.0,3186.7,19468.0,1233178.94,7406392.0,568630.15,3421114.0,1244259.9,7462324.0,0.0,0.0,0.09,445.0,0.0,0.0,42578.84,693908.0,349607.37,5770840.0,41391.03,664125.0,118780.76,1860979.0,91858.06,1543422.0,119485.86,1872905.0,21.03,3.52,1.36,5767.569824,5775.140137,5718.080078,5718.080078,4517990000.0,INDIA VIX,12.58,13.95,12.58,13.7,2025-03-27,-0.0219175519021578,0.0206077719281831,3.0
NIFTY,2025-03-25,23751.5,23869.6,23601.4,23668.65,22812.792857142857,22994.831465027863,71.64777900199422,254.93314162644293,88.84726384726402,94.10695373431253,0.4972317537839654,-0.6319600867313582,-0.348820074521603,6000.96,37232.0,44631.96,267228.0,5657.34,35996.0,1719568.15,10285496.0,683459.19,4060970.0,1733518.14,10362793.0,8.87,431.0,0.16,817.0,8.87,431.0,129092.78,2110414.0,354372.18,5766801.0,128150.81,2096919.0,105564.63,1651694.0,95808.08,1584835.0,103733.55,1620105.0,21.04,3.52,1.36,5776.649902,5786.950195,5760.419922,5775.959961,4467340000.0,INDIA VIX,13.7,14.48,13.49,13.64,2025-03-27,-0.0105888049175841,0.0104624971054458,2.0
NIFTY,2025-03-26,23700.95,23736.5,23451.7,23486.85,22894.903571428567,23060.433936357484,64.83563630926757,257.06648865312553,76.42802155504233,87.46187522755736,0.1499939875827731,-1.0516456091422497,-0.9033393176222988,8986.64,55138.0,44386.34,265552.0,8071.6,50276.0,4078684.78,25083111.0,684121.49,4020365.0,4094192.66,25208252.0,0.0,0.0,0.16,817.0,0.0,0.0,126721.93,2040116.0,355953.81,5809808.0,124878.71,2015815.0,103666.46,1592326.0,100174.24,1663716.0,104578.08,1604493.0,20.88,3.5,1.37,5712.200195,5783.620117,5694.410156,5771.660156,4183140000.0,INDIA VIX,13.64,13.92,13.31,13.47,2025-03-27,-0.0084785630955721,0.0126176376896285,1.0
NIFTY,2025-03-27,23433.95,23646.45,23412.2,23591.95,22969.70714285714,23131.30274484316,66.800814576423,255.43673946361656,82.14354620875952,82.4729438703553,0.9068040172484793,-0.0928140582360208,0.674235457530634,16097.21,94622.0,42218.78,255015.0,14772.24,87777.0,2060064.78,12208213.0,708412.98,4210176.0,2040121.76,12070719.0,0.0,0.0,0.16,817.0,0.0,0.0,92758.48,1523601.0,354740.03,5819248.0,92165.29,1513327.0,72236.46,1161803.0,97889.34,1645139.0,74406.53,1200268.0,20.97,3.51,1.36,5693.310059,5732.279785,5670.939941,5695.640137,4403460000.0,INDIA VIX,13.47,13.85,12.98,13.3,2025-03-27,0.0070858732736052,0.0070858732736052,0.0
NIFTY,2025-03-28,23600.4,23649.2,23450.2,23519.35,23038.76785714286,23183.042378864066,64.13451117624479,251.40554378764395,77.47443565502601,78.68200113960928,0.2067761563363301,-0.6364298910187993,-0.343426382603697,8950.82,53225.0,24913.22,150723.0,8111.97,48337.0,4700382.5,28605524.0,263228.53,1537982.0,4711755.86,28658607.0,0.0,0.0,0.09,431.0,0.0,0.0,54729.15,926486.0,343900.22,5601885.0,52241.43,902185.0,35058.93,571339.0,19906.9,337591.0,35665.02,580700.0,21.37,3.48,1.32,5580.939941,5685.890137,5572.419922,5679.200195,4513330000.0,INDIA VIX,13.3,13.61,12.57,12.72,2025-04-03,-0.0042541651836409,0.0169319164081964,6.0
,2025-03-31,,,,,,,,,,,,,,,,,,,,,,,,,,,,,,,,,,,,,,,,,,,,,,,5611.850098,5627.560059,5488.72998,5527.910156,5257250000.0,,,,,,,,,
NIFTY,2025-04-01,23341.1,23565.15,23136.4,23165.7,23089.153571428567,23180.73006168219,53.0305979907486,264.07300494566937,54.73020773040074,71.44939653139542,0.9598947778810892,-0.8769938006349192,-0.7514641555025163,3210.44,19101.0,27015.65,163633.0,6331.18,37583.0,1239955.97,7240843.0,434594.72,2554844.0,1268471.86,7426327.0,0.0,0.0,0.09,431.0,0.0,0.0,18488.42,309712.0,343331.43,5633158.0,20825.89,352241.0,53227.71,852379.0,32396.78,551657.0,56246.32,912527.0,21.05,3.43,1.34,5633.069824,5650.569824,5558.52002,5597.529785,4434500000.0,INDIA VIX,12.72,14.05,12.72,13.78,2025-04-03,0.0068077339971124,0.0068077339971124,2.0
NIFTY,2025-04-02,23192.6,23350.0,23158.45,23332.35,23148.757142857143,23200.946053457898,56.82411355682717,258.8927903066929,65.11476900100645,65.77313746214442,0.6786647465139806,-0.1472452420168408,0.6025628864379156,3130.18,18664.0,28150.88,171904.0,6056.78,36235.0,3194482.76,19914315.0,467629.84,2738054.0,3178722.59,19830292.0,0.0,0.0,0.0,0.0,0.0,0.0,20501.77,344108.0,339483.52,5630944.0,19373.13,323538.0,54428.67,855894.0,41385.14,710244.0,57593.58,921061.0,21.2,3.45,1.33,5670.970215,5695.310059,5571.47998,5580.759766,4243830000.0,INDIA VIX,13.78,14.14,13.51,13.72,2025-04-03,0.0003190672887041,0.004630787406328,1.0
NIFTY,2025-04-03,23150.3,23306.5,23145.8,23250.1,23204.44285714285,23207.49991299685,54.485166487687295,253.7254481419291,59.14801015529683,59.66432896223469,0.6747212779100087,-0.0194381930255763,0.4310959253227789,2583.82,16110.0,29113.23,176863.0,1920.99,11861.0,1493836.55,8678643.0,542696.85,3158956.0,1521014.12,8820209.0,0.0,0.0,0.09,431.0,0.0,0.0,19029.12,326565.0,342388.87,5619445.0,15228.86,259048.0,51497.54,830783.0,47108.69,801507.0,52708.64,855568.0,21.13,3.44,1.33,5396.52002,5499.529785,5390.830078,5492.740234,7210470000.0,INDIA VIX,13.72,14.11,13.41,13.6,2025-04-03,0.0043066396547777,0.0064664388798416,0.0
NIFTY,2025-04-04,23190.4,23214.7,22857.45,22904.45,23240.675,23167.0932579306,45.92931843812865,263.64863041750544,36.354644070032,53.53914107544511,0.1047847385124847,-1.435723402787363,-1.2330533324134154,2370.94,14878.0,30235.0,184248.0,4281.36,25739.0,2503359.36,14496978.0,332781.55,1975950.0,2520056.19,14589344.0,0.0,0.0,0.09,431.0,0.0,0.0,18946.75,317705.0,341968.72,5623928.0,21476.58,359406.0,63437.6,1013210.0,55638.86,945737.0,65601.98,1052744.0,20.82,3.39,1.35,5074.080078,5292.140137,5069.899902,5292.140137,8853500000.0,INDIA VIX,13.6,14.25,13.4,13.76,2025-04-09,-0.0082102939147233,-0.0082102939147233,5.0
NIFTY,2025-04-07,21758.4,22254.0,21743.65,22161.6,23215.87857142857,23033.02749020652,33.68632400474371,327.7308711019693,19.65944636515429,38.38736686349438,2.2777410103684024,-0.0677899110228693,1.853077432164116,4054.62,25205.0,33417.81,206366.0,6330.77,38607.0,1269110.99,7495292.0,500211.71,2997971.0,1253834.92,7430972.0,0.0,0.0,0.09,431.0,0.0,0.0,25719.84,431506.0,337364.71,5672868.0,29483.61,513502.0,83820.01,1340445.0,63569.15,1112216.0,87788.09,1419770.0,20.14,3.28,1.4,5062.25,5246.569824,4835.040039,4953.790039,8691980000.0,INDIA VIX,13.76,23.19,13.76,22.79,2025-04-09,0.0111037576292374,0.0111037576292374,2.0
NIFTY,2025-04-08,22446.75,22697.2,22270.85,22535.85,23194.560714285715,22966.737158178985,42.06514547168006,342.57866602325737,37.2633410945694,31.09247717658524,1.115751723523453,-0.7836323743971909,0.3969394233018078,9114.28,57828.0,34027.27,216543.0,12449.73,78855.0,1644301.68,10073346.0,571569.48,3563813.0,1613302.17,9856038.0,0.0,0.0,0.09,431.0,0.0,0.0,30340.05,551313.0,327572.55,5704119.0,28479.18,503884.0,99955.37,1648934.0,68316.88,1217771.0,93772.43,1561675.0,20.48,3.33,1.37,4982.77002,5267.470215,4910.419922,5193.569824,7408140000.0,INDIA VIX,22.79,22.79,19.38,20.44,2025-04-09,-0.0199026585140388,0.0023722810651876,1.0
NIFTY,2025-04-09,22460.3,22468.7,22353.25,22399.15,23158.242857142854,22891.058870421788,40.073428068147855,331.15161845016746,30.83327453608979,29.252020665271164,0.0373993223599037,-0.4766187450746396,-0.2722581621794803,4748.32,29922.0,33863.42,212204.0,5078.15,31427.0,4148533.97,26535927.0,588067.13,3547439.0,4088289.86,26184387.0,0.0,0.0,0.09,431.0,0.0,0.0,21737.82,379813.0,332443.83,5694120.0,22105.05,387828.0,70350.59,1166451.0,73208.46,1284596.0,71101.24,1184118.0,20.36,3.31,1.38,5456.899902,5481.339844,4948.430176,4965.279785,9489600000.0,INDIA VIX,20.44,21.75,19.7,21.43,2025-04-09,-0.0026847370694068,-0.0026847370694068,0.0
,2025-04-10,,,,,,,,,,,,,,,,,,,,,,,,,,,,,,,,,,,,,,,,,,,,,,,5268.049805,5353.149902,5115.27002,5353.149902,6677140000.0,,,,,,,,,
NIFTY,2025-04-11,22695.4,22923.9,22695.4,22828.55,23132.37857142857,22882.72435436555,48.34677069538252,344.98007427515546,51.03130365248474,39.70930642771464,1.0068119530830035,0.0,0.586682763908095,4435.72,28288.0,32264.95,203964.0,5584.59,34994.0,2562959.97,15342778.0,407259.32,2508848.0,2650274.95,15860219.0,0.0,0.0,0.09,431.0,0.0,0.0,18627.63,323129.0,330810.35,5706662.0,19639.86,344899.0,56655.37,920302.0,74603.2,1311604.0,58236.7,948124.0,20.75,3.38,1.36,5363.359863,5381.459961,5220.77002,5255.560059,5602550000.0,INDIA VIX,21.43,21.43,18.86,20.11,2025-04-17,0.0046088634701304,0.0134212219216227,6.0
,2025-04-14,,,,,,,,,,,,,,,,,,,,,,,,,,,,,,,,,,,,,,,,,,,,,,,5405.970215,5459.459961,5358.02002,5441.959961,5031440000.0,,,,,,,,,
NIFTY,2025-04-15,23368.35,23368.35,23207.0,23328.55,23130.81785714285,22942.16777378348,55.96946024349238,358.89578325550144,74.55020108657305,52.13825975838253,0.0,-0.690463811094915,-0.1703158331675076,5796.12,35102.0,33073.16,205540.0,3374.79,20480.0,1161941.74,7006329.0,528100.46,3192019.0,1119702.35,6758210.0,0.0,0.0,0.09,431.0,0.0,0.0,21720.35,368261.0,339896.59,5760998.0,16609.69,288651.0,64917.33,1041172.0,80571.62,1394011.0,65354.65,1058209.0,21.2,3.45,1.33,5396.629883,5450.410156,5386.439941,5411.990234,4317110000.0,INDIA VIX,20.11,20.11,15.97,16.13,2025-04-17,-0.002924896280653,0.0056336883006289,2.0
NIFTY,2025-04-15,23368.35,23368.35,23207.0,23328.55,23130.81785714285,22942.16777378348,55.96946024349238,358.89578325550144,74.55020108657305,52.13825975838253,0.0,-0.690463811094915,-0.1703158331675076,5796.12,35102.0,33073.16,205540.0,3374.79,20480.0,1161941.74,7006329.0,528100.46,3192019.0,1119702.35,6758210.0,0.0,0.0,0.09,431.0,0.0,0.0,21720.35,368261.0,339896.59,5760998.0,16609.69,288651.0,64917.33,1041172.0,80571.62,1394011.0,65354.65,1058209.0,21.2,3.45,1.33,5396.629883,5450.410156,5386.439941,5411.990234,4317110000.0,INDIA VIX,20.11,20.11,15.97,16.13,2025-04-17,-0.002924896280653,0.0056336883006289,2.0
NIFTY,2025-04-16,23344.1,23452.2,23273.05,23437.2,23115.02142857143,23008.172070612345,57.439280161977614,346.0567987372514,79.66085749900053,68.41412074601944,0.4630720396160151,-0.3043595598031163,0.3988159749144417,5794.75,34734.0,32805.06,199939.0,3497.89,20847.0,2097542.45,13043420.0,536101.36,3134416.0,2229761.19,13852695.0,0.0,0.0,0.09,431.0,0.0,0.0,27267.6,441113.0,349626.69,5776232.0,22609.99,367193.0,66297.72,1063581.0,89635.43,1512506.0,72661.06,1170826.0,21.3,3.47,1.32,5275.700195,5367.240234,5220.790039,5335.75,4607750000.0,INDIA VIX,16.13,16.13,15.12,15.87,2025-04-17,-0.0018891283022262,-0.0018891283022262,1.0
NIFTY,2025-04-17,23401.85,23872.35,23298.55,23851.65,23128.092857142856,23120.635794530703,62.57185737560529,362.3241702560191,99.02757551557302,84.41287803371554,2.010524808936046,-0.4414180930140107,1.922070263675748,3436.72,21095.0,32758.92,198446.0,3262.0,19800.0,1706070.03,9911552.0,523890.22,3053499.0,1674272.11,9741127.0,0.0,0.0,0.09,431.0,0.0,0.0,25151.97,408007.0,351847.46,5794653.0,26609.81,432428.0,72516.74,1166770.0,94523.24,1587210.0,74313.6,1195206.0,21.68,3.53,1.3,5282.700195,5328.310059,5255.580078,5305.450195,4714880000.0,INDIA VIX,15.87,16.46,15.09,15.47,2025-04-17,0.0170136121716872,0.0191501953905355,0.0
NIFTY,2025-04-21,23949.15,24189.55,23903.65,24125.55,23173.714285714286,23254.62435525994,65.5303341984195,360.5795866663033,97.38337626231652,92.02393642563004,1.0037934540474205,-0.1899858658866807,0.7365605877452761,7017.46,41756.0,34339.49,203369.0,6572.82,38925.0,4227994.96,24117046.0,436261.54,2537166.0,4286792.85,24443510.0,0.0,0.0,0.09,431.0,0.0,0.0,44233.5,716449.0,363274.57,5914375.0,39401.37,642019.0,93922.88,1464685.0,98121.67,1625902.0,89181.75,1385395.0,21.93,3.57,1.28,5158.200195,5232.939941,5101.629883,5232.939941,4226340000.0,INDIA VIX,15.47,16.33,14.22,15.52,2025-04-24,0.0021232486330411,0.0021232486330411,3.0
NIFTY,2025-04-22,24185.4,24242.6,24072.0,24167.25,23214.807142857146,23376.307774558616,65.97133914428537,347.0096161901388,96.98473358810706,97.79856178866554,0.2365063219959028,-0.4688779180828163,-0.0750452752487097,9634.26,57145.0,36006.78,210470.0,8534.79,51142.0,1637658.71,9658330.0,628446.21,3603808.0,1685478.24,9949114.0,2.14,102.0,0.09,431.0,2.14,102.0,143511.1,2331374.0,374552.39,6009850.0,143197.73,2325675.0,100353.71,1548469.0,106895.85,1730102.0,98666.62,1506353.0,21.97,3.57,1.28,5287.759766,5309.609863,5207.669922,5207.669922,4666950000.0,INDIA VIX,15.52,16.01,14.54,15.23,2025-04-24,-0.0076657818353221,0.0006036699827167,2.0
NIFTY,2025-04-23,24357.6,24359.3,24119.95,24328.95,23272.635714285712,23503.326737950803,67.69719783297526,339.3196436051288,98.83967656223123,97.73592880421828,0.0069793411501984,-0.9756708378493688,-0.117622425854755,10951.09,65141.0,36519.96,212917.0,11186.15,66206.0,2074793.23,12407607.0,624089.23,3539679.0,2107786.38,12611533.0,1.07,51.0,0.09,431.0,1.07,51.0,137183.73,2187225.0,383372.18,6128679.0,136943.46,2194342.0,92743.53,1374814.0,111619.46,1792420.0,93445.79,1382694.0,21.99,3.6,1.27,5375.859863,5469.689941,5356.169922,5395.919922,5371390000.0,INDIA VIX,15.23,16.52,12.84,15.96,2025-04-24,-0.0146812493841756,-0.0023647650014778,1.0
NIFTY,2025-04-24,24277.9,24347.85,24216.15,24246.7,23349.85,23602.443172890697,65.86724275426317,324.4896690619051,95.69514269875565,97.17318428303132,0.2881221192936666,-0.2543465456237977,-0.1285119388415008,11207.23,64878.0,35948.91,208625.0,9881.11,57314.0,2290885.67,13047985.0,738983.25,4186889.0,2303196.61,13123527.0,3.2,152.0,0.09,431.0,3.2,152.0,107736.99,1728578.0,384494.49,6095142.0,103420.08,1658369.0,88011.17,1350973.0,113213.08,1800643.0,89297.42,1367778.0,21.91,3.59,1.28,5484.77002,5489.399902,5371.959961,5381.379883,4697710000.0,INDIA VIX,15.96,16.76,15.55,16.25,2025-04-24,-0.0011491932992557,0.0009102929001272,0.0
NIFTY,2025-04-25,24289.0,24365.45,23847.85,24039.35,23400.35,23660.69741650527,61.36389513514755,338.28326412891204,87.56198031886481,94.03226652661722,0.3147515336160432,-1.816254271480924,-1.0278315286755382,8145.88,47474.0,23175.36,135902.0,7190.31,41873.0,3835980.17,22232748.0,238577.71,1350519.0,3844515.05,22266508.0,2.02,96.0,0.08,401.0,2.02,96.0,55415.09,850655.0,362837.15,5756415.0,52442.12,800404.0,45507.03,687542.0,27593.56,437379.0,45571.08,689064.0,21.72,3.56,1.29,5525.209961,5528.109863,5455.859863,5489.72998,4236580000.0,INDIA VIX,16.25,17.58,15.92,17.16,2025-04-30,-0.011898390217794,0.0004528799044836,5.0
NIFTY,2025-04-28,24070.25,24355.1,24054.05,24328.5,23477.37857142857,23749.737760971235,64.96151406504146,336.6737452625612,98.5906629033488,93.94926197365642,1.183411057217929,-0.0673029985147671,1.0729011954591248,6969.88,40694.0,23914.44,142470.0,8642.22,51080.0,1390691.93,7959947.0,393541.0,2250198.0,1457069.39,8334533.0,0.0,0.0,0.08,401.0,0.0,0.0,29133.57,462358.0,360287.9,5827565.0,27231.86,446527.0,59055.18,896071.0,39134.79,637153.0,60800.59,928482.0,21.97,3.6,1.29,5528.75,5553.660156,5468.640137,5529.220215,4257880000.0,INDIA VIX,17.16,18.07,16.62,16.94,2025-04-30,-0.0029185405220136,0.0178539898837777,2.0
NIFTY,2025-04-29,24370.7,24457.65,24290.75,24335.95,23579.62857142857,23827.89939284174,65.05180918542112,324.5470491723783,95.51584377302872,93.8894956650808,0.3567808885259788,-0.3280578727734563,-0.1425892567714509,4843.7,27776.0,25458.42,148594.0,2634.47,15334.0,1386714.98,7925127.0,517667.9,2933690.0,1392625.6,7940559.0,0.0,0.0,0.08,401.0,0.0,0.0,24029.12,388000.0,366491.43,5848795.0,18784.35,303104.0,46348.81,703965.0,46143.82,737417.0,47348.39,719395.0,21.94,3.6,1.29,5560.830078,5571.950195,5505.700195,5508.870117,4747150000.0,INDIA VIX,16.94,17.59,16.07,17.37,2025-04-30,-0.0029010245910048,0.0053055513382873,1.0
NIFTY,2025-04-30,24342.05,24396.15,24198.75,24334.2,23734.81428571429,23895.406140462845,65.00942910646802,315.4651170886371,94.35476495335648,96.15375720991136,0.2222491532143027,-0.5886932283846237,-0.0322487218619571,3710.82,21103.0,26944.36,157067.0,2801.74,16234.0,2586042.74,15175718.0,518265.71,2888286.0,2626406.22,15428988.0,0.0,0.0,0.08,401.0,0.0,0.0,17058.17,274046.0,368460.94,5891507.0,17274.33,277574.0,47476.42,704995.0,51689.22,823234.0,47721.3,703308.0,21.94,3.6,1.29,5569.060059,5581.839844,5433.240234,5499.439941,5449490000.0,INDIA VIX,17.37,18.56,15.99,18.22,2025-04-30,0.0003265953360542,0.0003265953360542,0.0
,2025-05-01,,,,,,,,,,,,,,,,,,,,,,,,,,,,,,,,,,,,,,,,,,,,,,,5604.140137,5658.910156,5597.350098,5625.140137,4935270000.0,,,,,,,,,
NIFTY,2025-05-02,24311.9,24589.15,24238.5,24346.7,23864.16071428572,23955.5786550678,65.18390646198556,317.97832301087743,89.15649179301397,93.0090335064664,1.140388040424648,-0.3019097643540877,0.1431397792850385,3993.01,22950.0,27454.84,160206.0,2573.3,15053.0,2679958.39,14817470.0,296228.98,1685759.0,2652906.52,14670991.0,0.0,0.0,0.08,401.0,0.0,0.0,22952.32,363475.0,369770.81,5932755.0,19969.92,322191.0,48780.38,710770.0,55879.69,901095.0,48545.22,710585.0,21.95,3.6,1.29,5686.669922,5700.700195,5642.279785,5645.879883,4854380000.0,INDIA VIX,18.22,18.86,17.35,18.26,2025-05-08,-0.0128291083790242,0.0077369518630794,6.0
NIFTY,2025-05-05,24419.5,24526.4,24400.65,24461.15,24011.446428571428,24022.988167725427,66.81550648495457,308.101299938672,93.24092409240924,92.25072694625987,0.437764901001255,-0.0771924077069495,0.1705604127848705,5110.57,29188.0,27699.86,161653.0,4817.4,27689.0,1446874.2,8174295.0,444300.58,2519583.0,1490568.55,8425712.0,0.0,0.0,0.08,401.0,0.0,0.0,22592.6,358873.0,370855.78,5957963.0,22481.2,359933.0,48183.17,717785.0,60634.14,982912.0,51230.28,764466.0,21.99,3.62,1.28,5650.379883,5683.379883,5634.47998,5655.319824,4358260000.0,INDIA VIX,18.26,18.8,18.07,18.34,2025-05-08,-0.0007985421486926,0.0032965457933209,3.0
NIFTY,2025-05-06,24500.75,24509.65,24331.8,24379.6,24122.23571428572,24070.536412028705,64.49618711626502,298.7976356573384,84.83883804218047,89.07875130920122,0.0363254186096403,-0.6895707274267143,-0.494474658939018,3591.34,20506.0,28414.54,163825.0,3057.72,17818.0,1257780.98,7142288.0,550528.46,3117978.0,1308023.24,7431988.0,0.0,0.0,8.43,401.0,0.0,0.0,20298.54,328940.0,374289.42,5948314.0,17493.54,280670.0,54935.06,830565.0,65139.94,1040828.0,56277.67,848329.0,21.95,3.61,1.29,5606.910156,5649.580078,5586.040039,5605.870117,4717260000.0,INDIA VIX,18.34,19.3,17.99,19.0,2025-05-08,-0.0041121190167647,-3.061130781711885e-05,2.0
NIFTY,2025-05-07,24233.3,24449.6,24220.0,24414.4,24199.796428571422,24116.38489042488,65.05366151905679,293.8549473960998,86.72213357647597,88.26729857035524,0.8925734423293537,-0.0548831566480804,0.7473187721028592,3485.07,20290.0,29413.35,171441.0,2932.93,17367.0,2084695.34,12297866.0,513551.33,2880176.0,2056777.63,12136742.0,0.0,0.0,8.42,401.0,0.0,0.0,21636.48,343275.0,371027.7,5984464.0,20876.43,348106.0,58975.76,893761.0,69488.35,1127919.0,60493.21,920704.0,21.99,3.61,1.27,5631.279785,5654.72998,5578.640137,5614.180176,4987440000.0,INDIA VIX,19.0,19.73,18.37,19.06,2025-05-08,0.0027524109386669,0.0110055172015368,1.0
NIFTY,2025-05-08,24431.5,24447.25,24150.2,24273.8,24259.55357142857,24137.37357170157,60.89348709354536,294.0831654392356,75.56562838989605,82.37553333618416,0.0644659558357039,-1.1513824366084735,-0.6454781736692414,3832.25,22516.0,14185.5,166508.0,3363.07,19411.0,1509705.05,8390410.0,290725.61,3169070.0,1515598.52,8425491.0,0.0,0.0,8.42,401.0,0.0,0.0,20899.17,349090.0,252028.72,5988235.0,18763.16,305075.0,61288.34,927932.0,32169.61,1180387.0,58927.39,889798.0,21.86,3.59,1.28,5663.939941,5720.100098,5635.379883,5663.600098,5627400000.0,INDIA VIX,19.06,21.89,18.15,21.01,2025-05-08,-0.001289319116714,-0.001289319116714,0.0
NIFTY,2025-05-09,23935.75,24164.25,23935.75,24008.0,24270.721428571425,24120.12376214136,53.8787464808548,297.22365362214725,21.60393902603545,61.29723366413583,0.9546389814398965,0.0,0.3018497435843874,6639.44,37802.0,29302.85,171768.0,5300.8,30796.0,2730511.65,15088883.0,401761.31,2293667.0,2648617.34,14633452.0,0.0,0.0,8.43,401.0,0.0,0.0,27670.1,447109.0,371557.24,6021749.0,28568.4,468287.0,61426.98,949730.0,77502.12,1263438.0,60669.92,947091.0,21.62,3.55,1.29,5659.910156,5691.689941,5644.149902,5679.649902,4645090000.0,INDIA VIX,21.01,22.75,21.0,21.63,2025-05-15,0.0026842693460618,0.0026842693460618,6.0
NIFTY,2025-05-12,24420.1,24944.8,24378.85,24924.7,24327.80357142857,24227.400593855844,67.69894802243866,342.90767836342235,98.167646656639,65.11240469085685,2.148639849959668,-0.1689182271980868,2.0663306047067875,4653.77,27517.0,27238.72,161807.0,7246.13,42406.0,1132594.1,6483928.0,479309.67,2765894.0,1164359.8,6670523.0,0.0,0.0,8.42,401.0,0.0,0.0,21422.16,360161.0,364769.04,5948649.0,23177.43,375763.0,58594.53,914257.0,80154.85,1318308.0,57344.45,896077.0,22.43,3.69,1.11,5844.189941,5845.370117,5786.080078,5807.200195,6014580000.0,INDIA VIX,21.63,21.63,17.21,18.39,2025-05-15,-0.0172030417565857,0.0073668821994996,3.0
NIFTY,2025-05-13,24864.05,24973.8,24547.5,24578.35,24357.16785714286,24274.1938480084,60.34188025024238,348.86427276603496,64.8785470047515,61.550044229142,0.4414003350218488,-1.2731232442019675,-1.1490485258837588,6763.66,39136.0,28262.97,160464.0,5552.37,31563.0,1662868.44,9344001.0,608059.33,3386020.0,1636479.23,9213550.0,0.0,0.0,0.0,0.0,0.0,0.0,31189.31,486540.0,383115.28,5997282.0,24115.0,378109.0,78736.83,1181713.0,86303.36,1367738.0,79659.9,1198129.0,22.08,3.64,1.13,5886.549805,5906.640137,5845.02002,5854.149902,5516290000.0,INDIA VIX,18.39,18.9,17.89,18.2,2025-05-15,-0.014641621135736,0.0054677335349631,2.0
NIFTY,2025-05-14,24613.8,24767.55,24535.55,24666.9,24381.307142857146,24326.554668273944,61.494030081711074,340.5168247113182,72.74301700786025,78.59640355641692,0.6246495868171513,-0.3179110905264526,0.2157326377885665,4329.46,24259.0,25403.39,146437.0,10997.74,60912.0,3360473.4,19597189.0,594150.4,3298603.0,3383509.39,19742569.0,0.0,0.0,8.42,401.0,0.0,0.0,20215.85,312443.0,375991.86,5954471.0,27456.16,419144.0,70514.24,1026778.0,89707.26,1425429.0,73529.91,1073889.0,22.14,3.65,1.13,5892.580078,5906.549805,5872.109863,5896.740234,5233450000.0,INDIA VIX,18.2,19.24,17.08,17.23,2025-05-15,-0.0046234226328319,0.0156903850685388,1.0
NIFTY,2025-05-15,24694.45,25116.25,24494.45,25062.1,24439.55,24424.62737917076,66.21197342923408,360.6084800890811,95.73084200567634,77.78413533942937,1.708076106169602,-0.8098985804502631,1.4887960655126873,3577.76,20526.0,25817.91,148336.0,3320.25,18829.0,1760270.87,9619495.0,597527.1,3317234.0,1762275.33,9632600.0,0.0,0.0,8.44,401.0,0.0,0.0,20377.46,331492.0,378384.21,5959543.0,20196.72,331472.0,71300.15,1101257.0,93942.8,1480917.0,73611.56,1133787.0,22.43,3.71,1.11,5916.930176,5924.209961,5865.160156,5869.819824,4991290000.0,INDIA VIX,17.23,17.67,16.72,16.89,2025-05-15,0.0143979720139544,0.0164227184650802,0.0
NIFTY,2025-05-16,25064.65,25070.0,24953.05,25019.8,24509.582142857143,24503.98372861465,65.28987222767654,343.20430293986107,91.82973316391352,86.76786405915004,0.0213448023411399,-0.4452485871536294,-0.1789372682243804,9253.75,51012.0,27123.51,153582.0,5296.04,29730.0,4725994.83,25569210.0,435473.74,2416731.0,4716675.39,25493799.0,0.0,0.0,8.45,401.0,0.0,0.0,29522.98,453171.0,384413.58,5977270.0,22689.0,353172.0,84179.35,1245413.0,98803.39,1537264.0,84317.05,1250412.0,22.39,3.7,1.14,5958.379883,5958.620117,5907.359863,5929.089844,4850850000.0,INDIA VIX,16.89,17.06,16.22,16.55,2025-05-22,-0.0025793298530002,-0.0025793298530002,6.0
NIFTY,2025-05-19,25005.35,25062.95,24916.65,24945.45,24553.65,24562.8458981327,63.61295015259194,329.1397098727281,85.53155442609071,91.03070986522688,0.2303507049491496,-0.3547240890449327,-0.2395487365703652,2653.47,14806.0,26994.03,152326.0,4446.36,24520.0,907886.16,5012166.0,503110.04,2783300.0,915490.82,5070244.0,0.0,0.0,8.47,401.0,0.0,0.0,17542.16,280667.0,386383.8,5973687.0,19935.34,309440.0,78426.88,1190133.0,104982.66,1622140.0,82273.27,1245733.0,22.33,3.69,1.14,5963.600098,5968.609863,5895.689941,5902.879883,4144010000.0,INDIA VIX,16.55,17.45,15.83,17.36,2025-05-22,-0.0002139542137982,-0.0002139542137982,3.0
NIFTY,2025-05-20,24996.2,25010.35,24669.7,24683.9,24578.50357142857,24578.98644504834,57.97210038207877,329.96187345324734,63.37568826768331,80.24565861922919,0.0566086045078764,-1.306198542178411,-1.2493899072659016,2563.83,14547.0,27019.06,153003.0,2650.58,14810.0,1062828.19,5951645.0,564428.48,3135313.0,1081536.65,6064583.0,0.0,0.0,8.47,401.0,0.0,0.0,19047.23,298452.0,385565.69,5965303.0,22761.81,357120.0,75783.76,1130898.0,110095.54,1699804.0,78655.11,1172996.0,22.08,3.65,1.15,5940.459961,5953.060059,5909.259766,5944.660156,4416850000.0,INDIA VIX,17.36,17.66,15.97,17.39,2025-05-22,0.0001520231075122,0.0001520231075122,2.0
NIFTY,2025-05-21,24744.25,24946.2,24685.35,24813.45,24612.735714285714,24610.24825237523,59.87025995355248,325.128882492301,74.34985175772984,74.41903148383463,0.8161492063812834,-0.2380350990634246,0.2796609313274831,2793.5,15751.0,26132.61,149539.0,5577.72,31001.0,2890483.05,16876759.0,550640.41,3057383.0,2890636.01,16892036.0,0.0,0.0,8.46,401.0,0.0,0.0,21864.1,339495.0,378585.89,5939807.0,25897.04,401917.0,85216.74,1269871.0,114254.91,1790932.0,87964.92,1312415.0,22.19,3.67,1.15,5844.609863,5938.370117,5830.910156,5910.180176,5254250000.0,INDIA VIX,17.39,18.0,17.04,17.55,2025-05-22,-0.0017882942501793,0.0103357345645958,1.0
NIFTY,2025-05-22,24733.95,24737.5,24462.4,24609.7,24631.52142857143,24610.17515205853,55.61585764919155,326.980390885708,57.09021601016524,64.9385853451928,0.0143527418790741,-1.0978836781023624,-0.5023459657676999,3535.98,20127.0,26175.61,149533.0,3334.0,18965.0,1797898.2,9745431.0,549639.13,3041317.0,1764150.88,9565841.0,0.0,0.0,8.48,401.0,0.0,0.0,21377.15,328897.0,382456.85,5966662.0,19292.95,302014.0,88452.56,1272696.0,117492.87,1836058.0,90021.55,1300642.0,22.01,3.64,1.11,5842.009766,5878.080078,5825.819824,5841.259766,5157050000.0,INDIA VIX,17.55,18.2,16.71,17.26,2025-05-22,-0.0094586590496059,-0.0054156331681757,0.0
NIFTY,2025-05-23,24639.5,24909.05,24614.05,24853.15,24659.521428571432,24642.57179845073,59.334232974616256,325.0067915367287,77.71283354510813,69.71763377100108,1.093975121248399,-0.1032894336329906,0.8671036344081716,3770.62,21136.0,26632.7,153120.0,6940.05,38857.0,3451263.52,18786320.0,414897.91,2341880.0,3492755.33,18999333.0,0.0,0.0,8.47,401.0,0.0,0.0,22157.22,352805.0,380414.11,5978072.0,25618.02,412247.0,80779.98,1234875.0,121832.79,1915815.0,84263.24,1288547.0,22.4,3.68,1.1,5802.819824,5829.509766,5767.410156,5781.890137,4662820000.0,INDIA VIX,17.26,17.52,15.49,17.28,2025-05-29,-0.0056616408612187,0.014630978713042,6.0
NIFTY,2025-05-26,24919.35,25079.2,24900.5,25001.15,24703.917857142857,24690.38222532397,61.44870056709518,317.9384492841052,90.24989411266424,75.01764788931256,0.6414693802206004,-0.0756440276331386,0.3282589634159916,5792.36,32437.0,28101.24,159347.0,5640.62,31326.0,1089900.31,6074577.0,492135.45,2754970.0,1065031.11,5925879.0,0.0,0.0,8.47,401.0,0.0,0.0,31723.55,484725.0,384027.12,5991713.0,28687.73,439784.0,84285.81,1236668.0,125219.23,1954904.0,82460.65,1209620.0,22.58,3.7,1.09,,,,,,INDIA VIX,17.28,18.41,16.06,18.02,2025-05-29,-0.0168282880572726,0.003236440757885,3.0
NIFTY,2025-05-27,24956.65,25062.9,24704.1,24826.2,24733.332142857143,24708.49126194744,57.633775183841294,320.85713147809787,75.42990258365106,81.13087674714114,0.4257382300909778,-1.011954729500966,-0.5227063728505257,6712.29,38322.0,29949.72,168166.0,6147.47,35439.0,1140855.15,6409378.0,564188.05,3147304.0,1093764.64,6151791.0,0.0,0.0,8.48,401.0,0.0,0.0,136735.97,2149617.0,386513.87,6006365.0,134574.93,2134259.0,89516.06,1330726.0,128673.17,1995273.0,82458.65,1220465.0,22.38,3.67,1.1,5921.540039,5924.330078,5854.069824,5854.069824,5366380000.0,INDIA VIX,18.02,19.19,17.42,18.54,2025-05-29,-0.0182977282608043,0.0017370119787711,2.0
NIFTY,2025-05-28,24832.5,24864.25,24737.05,24752.45,24767.52142857143,24714.35242702112,56.05393834273975,307.0244792296624,69.18254976704792,78.28744882112109,0.1278566394845464,-0.3843753146078756,-0.3223598107319008,11324.42,64660.0,32192.92,180775.0,14312.64,80762.0,2886707.84,16762526.0,584490.25,3236918.0,2900180.62,16847651.0,7.93,375.0,8.46,401.0,7.92,375.0,133247.39,2093510.0,389660.43,6069471.0,135562.16,2124844.0,79794.04,1192477.0,129971.88,2027791.0,76307.39,1135373.0,22.32,3.66,1.16,5888.549805,5939.919922,5881.879883,5925.540039,4665050000.0,INDIA VIX,18.54,19.04,17.88,18.02,2025-05-29,-0.0133897110641296,0.0067451927917043,1.0
NIFTY,2025-05-29,24825.1,24892.6,24677.3,24833.6,24826.492857142857,24730.2521034183,57.43649746059678,300.4727307132579,61.66937889883362,68.76061041651089,0.271902227986997,-0.5953651747626365,0.0342395398205848,7272.3,41706.0,33115.62,186401.0,9376.75,53300.0,1354858.69,7507809.0,544801.73,3031106.0,1455237.72,8065522.0,0.0,0.0,8.48,401.0,0.0,0.0,98468.83,1525706.0,388908.15,6067058.0,102282.27,1588275.0,63213.07,941372.0,128801.62,2021922.0,66905.17,1001505.0,22.39,3.63,1.17,5912.169922,5943.129883,5873.799805,5939.959961,4569750000.0,INDIA VIX,18.02,18.02,16.21,16.42,2025-05-29,-0.0050392546253589,-0.001011073469996,0.0
NIFTY,2025-05-30,24812.6,24863.95,24717.4,24750.7,24814.06428571429,24732.9784896292,55.51506427726085,289.4782499480251,44.09268180775406,58.31487015787855,0.2069513069972602,-0.3836760355625653,-0.2494700273248181,8179.06,45921.0,22810.57,128725.0,11039.62,61468.0,4221210.29,23683952.0,222599.98,1232257.0,4213476.87,23657373.0,0.0,0.0,7.91,375.0,0.0,0.0,49320.34,745935.0,376464.73,5830697.0,51180.78,773095.0,42082.92,631914.0,24145.86,376599.0,42435.65,647057.0,22.32,3.62,1.25,5911.689941,5922.140137,5843.660156,5903.669922,6378540000.0,INDIA VIX,16.42,16.55,15.29,16.08,2025-06-05,-0.0005078065176562,0.0075526143975239,6.0
